{"cameraMode":{"drawMode":0,"name":"Shaded","section":"Shading Mode"},"sceneLighting":true,"audioPlay":false,"sceneViewState":{"showFog":false,"showMaterialUpdate":false,"showSkybox":false,"showFlares":false,"showImageEffects":false,"showParticleSystems":false},"in2DMode":false,"pivot":{"x":-0.17584553360939027,"y":-0.45081639289855959,"z":14.664815902709961},"rotation":{"x":-0.10213052481412888,"y":0.007189645431935787,"z":-0.0007389271049760282,"w":-0.9947448372840881},"size":13.078418731689454,"orthographic":false}