{"cameraMode":{"drawMode":0,"name":"Shaded","section":"Shading Mode"},"sceneLighting":true,"audioPlay":false,"sceneViewState":{"showFog":false,"showMaterialUpdate":false,"showSkybox":false,"showFlares":false,"showImageEffects":false,"showParticleSystems":false},"in2DMode":false,"pivot":{"x":-0.0959329605102539,"y":4.4242072105407719,"z":8.45322322845459},"rotation":{"x":0.27571743726730349,"y":-0.2103661447763443,"z":0.06197501718997955,"w":0.935887336730957},"size":18.920238494873048,"orthographic":false}