{"cameraMode":{"drawMode":0,"name":"Shaded","section":"Shading Mode"},"sceneLighting":true,"audioPlay":false,"sceneViewState":{"showFog":false,"showMaterialUpdate":false,"showSkybox":false,"showFlares":false,"showImageEffects":false,"showParticleSystems":false},"in2DMode":false,"pivot":{"x":0.07636280357837677,"y":0.5084065198898315,"z":0.1253831386566162},"rotation":{"x":-0.009304489940404892,"y":0.03871620446443558,"z":-0.0003612807486206293,"w":-0.9992069005966187},"size":1.9578840732574463,"orthographic":false}