{"cameraMode":{"drawMode":0,"name":"Shaded","section":"Shading Mode"},"sceneLighting":true,"audioPlay":false,"sceneViewState":{"showFog":false,"showMaterialUpdate":false,"showSkybox":false,"showFlares":false,"showImageEffects":false,"showParticleSystems":false},"in2DMode":false,"pivot":{"x":-0.7055509090423584,"y":7.465970516204834,"z":10.345632553100586},"rotation":{"x":0.18001200258731843,"y":-0.6353815197944641,"z":0.15569746494293214,"w":0.7346049547195435},"size":4.849180221557617,"orthographic":false}