{"cameraMode":{"drawMode":0,"name":"Shaded","section":"Shading Mode"},"sceneLighting":true,"audioPlay":false,"sceneViewState":{"showFog":false,"showMaterialUpdate":false,"showSkybox":false,"showFlares":false,"showImageEffects":false,"showParticleSystems":false},"in2DMode":false,"pivot":{"x":11.824113845825196,"y":2.336066484451294,"z":20.182754516601564},"rotation":{"x":0.02159237489104271,"y":0.7276381850242615,"z":0.022928234189748765,"w":-0.6852378249168396},"size":5.545444488525391,"orthographic":false}