{"cameraMode":{"drawMode":0,"name":"Shaded","section":"Shading Mode"},"sceneLighting":true,"audioPlay":false,"sceneViewState":{"showFog":false,"showMaterialUpdate":false,"showSkybox":false,"showFlares":false,"showImageEffects":false,"showParticleSystems":false},"in2DMode":false,"pivot":{"x":-0.11646859347820282,"y":-1.4514219760894776,"z":14.64619255065918},"rotation":{"x":0.12299676239490509,"y":-0.00627097487449646,"z":0.0007780662272125483,"w":0.9923869967460632},"size":13.078418731689454,"orthographic":false}