{"cameraMode":{"drawMode":0,"name":"Shaded","section":"Shading Mode"},"sceneLighting":false,"audioPlay":false,"sceneViewState":{"showFog":false,"showMaterialUpdate":false,"showSkybox":false,"showFlares":false,"showImageEffects":false,"showParticleSystems":false},"in2DMode":false,"pivot":{"x":0.6700000762939453,"y":4.610000133514404,"z":7.048405647277832},"rotation":{"x":0.16406074166297913,"y":0.15174631774425507,"z":-0.025550156831741334,"w":0.9743738770484924},"size":5.7157673835754398,"orthographic":false}