{"cameraMode":{"drawMode":0,"name":"Shaded","section":"Shading Mode"},"sceneLighting":true,"audioPlay":false,"sceneViewState":{"showFog":false,"showMaterialUpdate":false,"showSkybox":false,"showFlares":false,"showImageEffects":false,"showParticleSystems":false},"in2DMode":false,"pivot":{"x":0.2601125240325928,"y":5.043850898742676,"z":7.560124397277832},"rotation":{"x":-0.013281486928462983,"y":0.17901329696178437,"z":-0.0024168260861188175,"w":-0.98375403881073},"size":7.541818618774414,"orthographic":false}