{"cameraMode":{"drawMode":0,"name":"Shaded","section":"Shading Mode"},"sceneLighting":true,"audioPlay":false,"sceneViewState":{"showFog":true,"showMaterialUpdate":false,"showSkybox":true,"showFlares":true,"showImageEffects":true,"showParticleSystems":true},"in2DMode":false,"pivot":{"x":-0.12574885785579682,"y":1.4146101474761963,"z":-10.239609718322754},"rotation":{"x":-0.037506137043237689,"y":0.5601230263710022,"z":-0.025397323071956636,"w":-0.827170193195343},"size":8.058903694152832,"orthographic":false}