{"cameraMode":{"drawMode":0,"name":"Shaded","section":"Shading Mode"},"sceneLighting":true,"audioPlay":false,"sceneViewState":{"showFog":false,"showMaterialUpdate":false,"showSkybox":false,"showFlares":false,"showImageEffects":false,"showParticleSystems":false},"in2DMode":false,"pivot":{"x":-3.4542133808135988,"y":-0.2916776239871979,"z":282.9787292480469},"rotation":{"x":0.2054508924484253,"y":-0.09028154611587525,"z":0.01903754100203514,"w":0.9743083715438843},"size":27.36215591430664,"orthographic":false}