{"cameraMode":{"drawMode":0,"name":"Shaded","section":"Shading Mode"},"sceneLighting":true,"audioPlay":false,"sceneViewState":{"showFog":false,"showMaterialUpdate":false,"showSkybox":false,"showFlares":false,"showImageEffects":false,"showParticleSystems":false},"in2DMode":false,"pivot":{"x":176.5382080078125,"y":168.7185516357422,"z":98.60353088378906},"rotation":{"x":0.5201817750930786,"y":-0.04224171116948128,"z":0.025771522894501687,"w":0.8526208996772766},"size":250.36570739746095,"orthographic":false}