{"cameraMode":{"drawMode":0,"name":"Shaded","section":"Shading Mode"},"sceneLighting":true,"audioPlay":false,"sceneViewState":{"showFog":false,"showMaterialUpdate":false,"showSkybox":false,"showFlares":false,"showImageEffects":false,"showParticleSystems":false},"in2DMode":false,"pivot":{"x":-4.189788818359375,"y":6.0894598960876469,"z":39.61897659301758},"rotation":{"x":0.02144564501941204,"y":0.6187899112701416,"z":-0.016903240233659745,"w":0.7850818037986755},"size":145.41404724121095,"orthographic":false}